{
  "obst_0": {
    "position": {
      "X": 1.9605,
      "Y": 0.5,
      "Z": -0.629999995
    },
    "dimension": {
      "X": 3.21556902,
      "Y": 1,
      "Z": 0.738600016
    }
  },
  "obst_1": {
    "position": {
      "X": 0.27699995,
      "Y": 0.5,
      "Z": 1.71949983
    },
    "dimension": {
      "X": 2.65833044,
      "Y": 1,
      "Z": 0.74089992
    }
  },
  "obst_2": {
    "position": {
      "X": 2.1099999,
      "Y": 0.5,
      "Z": 3.23000002
    },
    "dimension": {
      "X": 0.988054276,
      "Y": 1.00000024,
      "Z": 3.66038132
    }
  },
  "obst_6": {
    "position": {
      "X": -1.59029996,
      "Y": 0.5,
      "Z": 0.605499983
    },
    "dimension": {
      "X": 1.56321168,
      "Y": 1.00000024,
      "Z": 4.75584507
    }
  },
  "floor": {
    "position": {
      "X": 0,
      "Y": 0,
      "Z": 0
    },
    "dimension": {
      "X": 10,
      "Y": 0.100000001,
      "Z": 10
    }
  },
  "robot": {
    "position": {
      "X": 2.51999998,
      "Y": 0.370000005,
      "Z": -3.16000009
    },
    "dimension": {
      "X": 0.5,
      "Y": 0.372439981,
      "Z": 0.372439861
    }
  },
  "obst_4": {
    "position": {
      "X": -0.589700043,
      "Y": 0.5,
      "Z": -3.80999994
    },
    "dimension": {
      "X": 3.82070017,
      "Y": 1,
      "Z": 1
    }
  },
  "obst_5": {
    "position": {
      "X": 0.802600026,
      "Y": 0.5,
      "Z": -2.60879993
    },
    "dimension": {
      "X": 1.24551392,
      "Y": 1.00000024,
      "Z": 4.64611053
    }
  },
  "goal": {
    "position": {
      "X": -3.6500001,
      "Y": 0.370000005,
      "Z": 2.17000008
    },
    "dimension": {
      "X": 0.372439861,
      "Y": 0.372439981,
      "Z": 0.372439981
    }
  },
  "boundary": {
    "position": {
      "X": -0.0357999802,
      "Y": 0.455500007,
      "Z": 0.0321002007
    },
    "dimension": {
      "X": 9.83568954,
      "Y": 0.969841003,
      "Z": 9.78119278
    }
  }
}